Time,V1,V2,V3,V4,V5,V6,V7,V8,V9,V10,V11,V12,V13,V14,V15,V16,V17,V18,V19,V20,V21,V22,V23,V24,V25,V26,V27,V28,Amount,Log_Amount,Amount_Robust,Hour,Day,time_diff,amount_roll_mean_5,amount_roll_mean_10,amount_roll_std_5,amount_roll_std_10,amount_ratio_5,amount_ratio_10,amount_roll_median_10,amount_dev_median_10,tx_count_proxy_5,tx_count_proxy_10,amount_time_interaction,log_amount_hour_interaction,actual,predicted,fraud_probability,distance_to_threshold
149133.0,-4.42715181962555,-0.963508050191945,-3.98852539974823,5.99392742892569,-3.23660883753092,2.61549639787543,3.10986823714173,-0.375601865831545,-2.81423732462824,-0.518420253742239,-0.285979886934994,-3.80016769120705,0.449094635444423,-2.21590888014364,0.697778384098233,-2.08530545436939,-4.28197552503753,-1.40126877416582,2.12208855423365,-1.51875764244005,-0.10860214596152,1.18165559226474,0.0453569284898187,0.220713071402673,0.348226106236775,0.796389758636528,1.17507464539793,0.442739845314515,1059.28,6.966288303167791,14.494236009222384,17.0,1.0,0.0,224.85999999999984,162.2899999999991,466.763510998886,330.12297213818226,4.710842280926614,6.527081110807349,20.5,1038.78,5.0,10.0,1059.28,118.42690115385244,0,1,0.7665668,0.036566794
