,precision,recall,f1-score,support
Non-fraud,0.9996660749749556,0.9998769490393236,0.9997715008876311,56887.0
Fraud,0.8888888888888888,0.7466666666666667,0.8115942028985508,75.0
accuracy,0.9995435553526912,0.9995435553526912,0.9995435553526912,0.9995435553526912
macro avg,0.9442774819319222,0.8732718078529951,0.905682851893091,56962.0
weighted avg,0.9995202182817837,0.9995435553526912,0.9995237340018269,56962.0
