Model,Threshold,Accuracy,Precision,Recall,F1,ROC_AUC,PR_AUC
XGBoost,0.73,0.9995435553526912,0.8888888888888888,0.7466666666666667,0.8115942028985508,0.981518214471965,0.7892333344348711
