Model,Accuracy,Precision,Recall,F1,ROC_AUC,PR_AUC
XGBoost,0.9995611051372644,0.8478260869565217,0.75,0.7959183673469388,0.9791721943280702,0.7844974702363796
Random Forest,0.9994074919353069,0.9310344827586207,0.5192307692307693,0.6666666666666666,0.928577403877841,0.7520686391694517
Logistic Regression,0.9831683820140885,0.05368289637952559,0.8269230769230769,0.10082063305978899,0.9630501537041951,0.7070014413254081
Dummy,0.9988588733568874,0.0,0.0,0.0,0.5,0.0011411266431126425
LightGBM,0.997586078254954,0.0,0.0,0.0,0.4988465847924951,0.0011411266431126425
