{
    "Time": 145248.0,
    "V1": 1.91402682161454,
    "V2": -0.490067987909997,
    "V3": -0.326111312515118,
    "V4": 0.604710739174721,
    "V5": -0.8501359998436,
    "V6": -0.736318677031096,
    "V7": -0.524057962475328,
    "V8": -0.0886141066361987,
    "V9": 1.09112510472248,
    "V10": 0.093484357816225,
    "V11": -0.892304625856107,
    "V12": 0.0272205159068718,
    "V13": -0.243790209618721,
    "V14": 0.0317740067189187,
    "V15": 0.900623897113791,
    "V16": 0.536032161644219,
    "V17": -0.648408094097169,
    "V18": 0.183072340001028,
    "V19": -0.48632249422331,
    "V20": -0.13957876335222,
    "V21": 0.210958428878652,
    "V22": 0.639337879054097,
    "V23": 0.147522551988298,
    "V24": 0.0736542664022496,
    "V25": -0.318378246601246,
    "V26": 0.350612262707235,
    "V27": -0.0238434747433154,
    "V28": -0.0371393315055126,
    "Amount": 50.0,
    "Log_Amount": 3.9318256327243257,
    "Amount_Robust": 0.3912527073290016,
    "Hour": 16.0,
    "Day": 1.0,
    "time_diff": 1.0,
    "amount_roll_mean_5": 89.922,
    "amount_roll_mean_10": 54.72599999999909,
    "amount_roll_std_5": 152.23768790943387,
    "amount_roll_std_10": 108.54671541176565,
    "amount_ratio_5": 0.5560374484993945,
    "amount_ratio_10": 0.9136424932638662,
    "amount_roll_median_10": 24.805,
    "amount_dev_median_10": 25.195,
    "tx_count_proxy_5": 5.0,
    "tx_count_proxy_10": 10.0,
    "amount_time_interaction": 25.0,
    "log_amount_hour_interaction": 62.90921012358921
}