concurrent_users,requests_per_user,total_requests,successful_requests,failed_requests,error_rate,wall_time_s,throughput_requests_per_s,mean_latency_ms,median_latency_ms,p95_latency_ms,p99_latency_ms,min_latency_ms,max_latency_ms
1,10,10,10,0,0.0,0.6176724999968428,16.189809324603434,60.90237999742385,51.65569999371655,106.70758499836657,138.573597001523,43.4772000007797,146.5401000023121
5,10,50,50,0,0.0,2.1195000000006985,23.590469450334286,206.49063200049568,198.18149999628076,279.3531550007174,370.04306500413804,106.24120000284165,375.23289999808185
10,10,100,100,0,0.0,3.989267999990261,25.067255446423786,390.60570499961614,389.9865499988664,485.49747499928344,492.53670699879893,225.39710000273772,527.6923000055831
20,10,200,200,0,0.0,9.441417499998352,21.183259823012268,923.4940670009382,952.1034999997937,1116.852805008966,1141.813006001612,273.137800002587,1186.9964000070468
50,10,500,500,0,0.0,19.81806140000117,25.229511096376484,1899.4385230001062,1963.8293000025442,2061.479859996325,2078.9811600044777,246.38699999195524,2087.4946000112686
